令和６年,人口動態統計,,
下巻　死亡　第３表　死亡数，死因（死因簡単分類）・性・死亡月別
,,総数,1月,2月,3月,4月,5月,6月,7月,8月,9月,10月,11月,12月
　　 　総　　　数　　　　　　　　　　　　　　　　　　　　　　　　　　　　　　　,総数,1605378,155418,139313,143967,125352,123557,116671,127453,132438,124291,127906,131871,157141
,男　Ｍ．,819709,79948,71179,73362,63733,62569,59472,65820,68388,63416,64827,66806,80189
,女　Ｆ．,785669,75470,68134,70605,61619,60988,57199,61633,64050,60875,63079,65065,76952
01000　感染症及び寄生虫症　　　　　　　　　　　　　　　　　　　　　　　　　　　,総数,24547,2435,2145,2222,1894,1975,1844,1805,1922,1940,1994,2033,2338
,男　Ｍ．,12340,1237,1047,1082,935,1013,876,913,955,983,1049,1048,1202
,女　Ｆ．,12207,1198,1098,1140,959,962,968,892,967,957,945,985,1136
01100　　腸管感染症　　　　　　　　　　　　　　　　　　　　　　　　　　　　　　,総数,2284,271,240,237,163,191,151,138,161,177,172,192,191
,男　Ｍ．,1012,121,101,103,71,85,62,61,84,78,82,85,79
,女　Ｆ．,1272,150,139,134,92,106,89,77,77,99,90,107,112
01200　　結核　　　　　　　　　　　　　　　　　　　　　　　　　　　　　　　　　,総数,1462,138,112,123,110,112,126,121,122,103,125,147,123
,男　Ｍ．,846,80,63,73,65,67,72,64,67,61,77,84,73
,女　Ｆ．,616,58,49,50,45,45,54,57,55,42,48,63,50
01201　　　呼吸器結核　　　　　　　　　　　　　　　　　　　　　　　　　　　　　,総数,1247,116,99,109,87,94,104,107,96,94,109,118,114
,男　Ｍ．,758,71,59,71,51,61,65,61,54,57,69,73,66
,女　Ｆ．,489,45,40,38,36,33,39,46,42,37,40,45,48
01202　　　その他の結核　　　　　　　　　　　　　　　　　　　　　　　　　　　　,総数,215,22,13,14,23,18,22,14,26,9,16,29,9
,男　Ｍ．,88,9,4,2,14,6,7,3,13,4,8,11,7
,女　Ｆ．,127,13,9,12,9,12,15,11,13,5,8,18,2
01300　　敗血症　　　　　　　　　　　　　　　　　　　　　　　　　　　　　　　　,総数,11714,1164,1014,1104,924,946,844,833,893,920,969,940,1163
,男　Ｍ．,6072,624,502,541,471,511,406,438,460,480,514,510,615
,女　Ｆ．,5642,540,512,563,453,435,438,395,433,440,455,430,548
01400　　ウイルス性肝炎　　　　　　　　　　　　　　　　　　　　　　　　　　　　,総数,1448,166,128,137,112,136,126,105,104,106,93,102,133
,男　Ｍ．,688,80,58,59,46,72,61,54,41,51,49,52,65
,女　Ｆ．,760,86,70,78,66,64,65,51,63,55,44,50,68
01401　　　Ｂ型ウイルス性肝炎　　　　　　　　　　　　　　　　　　　　　　　　　,総数,317,36,28,34,24,24,30,21,18,21,20,25,36
,男　Ｍ．,172,19,13,15,13,16,19,17,7,7,14,14,18
,女　Ｆ．,145,17,15,19,11,8,11,4,11,14,6,11,18
01402　　　Ｃ型ウイルス性肝炎　　　　　　　　　　　　　　　　　　　　　　　　　,総数,948,112,81,83,72,96,77,71,73,70,65,69,79
,男　Ｍ．,414,49,36,36,27,48,29,29,28,35,31,31,35
,女　Ｆ．,534,63,45,47,45,48,48,42,45,35,34,38,44
01403　　　その他のウイルス性肝炎　　　　　　　　　　　　　　　　　　　　　　　,総数,183,18,19,20,16,16,19,13,13,15,8,8,18
,男　Ｍ．,102,12,9,8,6,8,13,8,6,9,4,7,12
,女　Ｆ．,81,6,10,12,10,8,6,5,7,6,4,1,6
01500　　ヒト免疫不全ウイルス［ＨＩＶ］病　　　　　　　　　　　　　　　　　　　,総数,55,6,5,6,3,7,4,4,8,4,3,2,3
,男　Ｍ．,50,6,5,6,3,6,4,3,7,3,2,2,3
,女　Ｆ．,5,-,-,-,-,1,-,1,1,1,1,-,-
01600　　その他の感染症及び寄生虫症　　　　　　　　　　　　　　　　　　　　　　,総数,7584,690,646,615,582,583,593,604,634,630,632,650,725
,男　Ｍ．,3672,326,318,300,279,272,271,293,296,310,325,315,367
,女　Ｆ．,3912,364,328,315,303,311,322,311,338,320,307,335,358
02000　新生物＜腫瘍＞　　　　　　　　　　　　　　　　　　　　　　　　　　　　　,総数,398020,34051,31717,33861,31875,32791,31943,33278,33666,32840,34030,32994,34974
,男　Ｍ．,229406,19766,18222,19511,18358,18895,18398,19156,19453,18952,19699,19138,19858
,女　Ｆ．,168614,14285,13495,14350,13517,13896,13545,14122,14213,13888,14331,13856,15116
02100　　悪性新生物＜腫瘍＞　　　　　　　　　　　　　　　　　　　　　　　　　　,総数,384111,32819,30583,32711,30759,31722,30888,32133,32509,31723,32775,31795,33694
,男　Ｍ．,221786,19087,17624,18891,17753,18294,17834,18544,18806,18303,19024,18465,19161
,女　Ｆ．,162325,13732,12959,13820,13006,13428,13054,13589,13703,13420,13751,13330,14533
02101　　　口唇，口腔及び咽頭の悪性新生物＜腫瘍＞　　　　　　　　　　　　　　　,総数,8580,755,679,743,716,723,642,683,682,688,718,724,827
,男　Ｍ．,6085,535,484,527,516,490,462,486,485,484,520,522,574
,女　Ｆ．,2495,220,195,216,200,233,180,197,197,204,198,202,253
02102　　　食道の悪性新生物＜腫瘍＞　　　　　　　　　　　　　　　　　　　　　　,総数,10638,924,822,869,833,904,835,872,946,869,911,936,917
,男　Ｍ．,8572,745,664,713,679,729,658,703,748,690,730,762,751
,女　Ｆ．,2066,179,158,156,154,175,177,169,198,179,181,174,166
02103　　　胃の悪性新生物＜腫瘍＞　　　　　　　　　　　　　　　　　　　　　　　,総数,37867,3308,3004,3310,2982,3127,3133,3131,3154,3087,3242,3127,3262
,男　Ｍ．,24720,2163,1974,2138,1943,2062,2022,2068,2051,2024,2163,2039,2073
,女　Ｆ．,13147,1145,1030,1172,1039,1065,1111,1063,1103,1063,1079,1088,1189
02104　　　結腸の悪性新生物＜腫瘍＞　　　　　　　　　　　　　　　　　　　　　　,総数,38297,3261,3111,3331,3086,3198,3031,3243,3189,3115,3268,3162,3302
,男　Ｍ．,18831,1594,1493,1645,1532,1598,1538,1587,1564,1520,1621,1597,1542
,女　Ｆ．,19466,1667,1618,1686,1554,1600,1493,1656,1625,1595,1647,1565,1760
02105　　　直腸Ｓ状結腸移行部及び直腸の悪性新生物＜腫瘍＞　　　　　　　　　　　,総数,16119,1339,1230,1391,1268,1280,1317,1360,1407,1348,1459,1331,1389
,男　Ｍ．,9995,806,760,876,823,818,799,859,868,804,915,819,848
,女　Ｆ．,6124,533,470,515,445,462,518,501,539,544,544,512,541
02106　　　肝及び肝内胆管の悪性新生物＜腫瘍＞　　　　　　　　　　　　　　　　　,総数,22465,1969,1751,1935,1855,1832,1844,1776,1913,1819,1902,1853,2016
,男　Ｍ．,15133,1346,1165,1301,1258,1198,1234,1179,1302,1247,1272,1274,1357
,女　Ｆ．,7332,623,586,634,597,634,610,597,611,572,630,579,659
02107　　　胆のう及びその他の胆道の悪性新生物＜腫瘍＞　　　　　　　　　　　　　,総数,17232,1485,1371,1477,1418,1418,1404,1452,1408,1442,1465,1418,1474
,男　Ｍ．,9205,802,729,793,744,749,772,743,770,760,794,736,813
,女　Ｆ．,8027,683,642,684,674,669,632,709,638,682,671,682,661
02108　　　膵の悪性新生物＜腫瘍＞　　　　　　　　　　　　　　　　　　　　　　　,総数,41235,3382,3345,3465,3286,3474,3318,3418,3479,3433,3514,3507,3614
,男　Ｍ．,20371,1675,1640,1702,1644,1720,1638,1714,1697,1711,1711,1748,1771
,女　Ｆ．,20864,1707,1705,1763,1642,1754,1680,1704,1782,1722,1803,1759,1843
02109　　　喉頭の悪性新生物＜腫瘍＞　　　　　　　　　　　　　　　　　　　　　　,総数,756,52,82,64,63,64,49,54,64,57,65,61,81
,男　Ｍ．,676,45,75,56,58,58,43,46,56,53,57,55,74
,女　Ｆ．,80,7,7,8,5,6,6,8,8,4,8,6,7
02110　　　気管，気管支及び肺の悪性新生物＜腫瘍＞　　　　　　　　　　　　　　　,総数,75569,6496,6075,6363,6001,6209,6011,6449,6491,6373,6402,6139,6560
,男　Ｍ．,52333,4515,4254,4418,4139,4238,4139,4457,4527,4447,4452,4269,4478
,女　Ｆ．,23236,1981,1821,1945,1862,1971,1872,1992,1964,1926,1950,1870,2082
02111　　　皮膚の悪性新生物＜腫瘍＞　　　　　　　　　　　　　　　　　　　　　　,総数,1894,160,150,180,142,141,138,180,159,168,168,131,177
,男　Ｍ．,974,80,82,90,83,61,65,91,83,95,89,70,85
,女　Ｆ．,920,80,68,90,59,80,73,89,76,73,79,61,92
02112　　　乳房の悪性新生物＜腫瘍＞　　　　　　　　　　　　　　　　　　　　　　,総数,16005,1386,1271,1343,1292,1289,1285,1327,1346,1289,1336,1389,1452
,男　Ｍ．,136,12,10,7,7,10,12,13,16,9,17,12,11
,女　Ｆ．,15869,1374,1261,1336,1285,1279,1273,1314,1330,1280,1319,1377,1441
02113　　　子宮の悪性新生物＜腫瘍＞　　　　　　　　　　　　　　　　　　　　　　,総数,7116,575,571,617,571,603,593,600,606,569,620,577,614
,男　Ｍ．,・,・,・,・,・,・,・,・,・,・,・,・,・
,女　Ｆ．,7116,575,571,617,571,603,593,600,606,569,620,577,614
02114　　　卵巣の悪性新生物＜腫瘍＞　　　　　　　　　　　　　　　　　　　　　　,総数,5116,432,405,417,412,456,401,404,424,423,466,402,474
,男　Ｍ．,・,・,・,・,・,・,・,・,・,・,・,・,・
,女　Ｆ．,5116,432,405,417,412,456,401,404,424,423,466,402,474
02115　　　前立腺の悪性新生物＜腫瘍＞　　　　　　　　　　　　　　　　　　　　　,総数,13670,1185,1094,1146,1039,1098,1072,1194,1152,1111,1128,1237,1214
,男　Ｍ．,13670,1185,1094,1146,1039,1098,1072,1194,1152,1111,1128,1237,1214
,女　Ｆ．,・,・,・,・,・,・,・,・,・,・,・,・,・
02116　　　膀胱の悪性新生物＜腫瘍＞　　　　　　　　　　　　　　　　　　　　　　,総数,9725,897,740,832,796,776,768,817,802,805,830,823,839
,男　Ｍ．,6583,633,502,528,506,548,528,543,533,558,566,566,572
,女　Ｆ．,3142,264,238,304,290,228,240,274,269,247,264,257,267
02117　　　中枢神経系の悪性新生物＜腫瘍＞　　　　　　　　　　　　　　　　　　　,総数,3251,263,256,278,256,276,270,280,279,261,273,265,294
,男　Ｍ．,1784,146,146,141,165,158,147,141,163,135,135,144,163
,女　Ｆ．,1467,117,110,137,91,118,123,139,116,126,138,121,131
02118　　　悪性リンパ腫　　　　　　　　　　　　　　　　　　　　　　　　　　　　,総数,14164,1201,1107,1208,1088,1114,1167,1208,1234,1229,1202,1164,1242
,男　Ｍ．,7839,666,601,702,603,624,658,659,678,661,686,652,649
,女　Ｆ．,6325,535,506,506,485,490,509,549,556,568,516,512,593
02119　　　白血病　　　　　　　　　　　　　　　　　　　　　　　　　　　　　　　,総数,9972,814,799,837,835,825,787,843,848,846,876,809,853
,男　Ｍ．,6077,491,479,516,512,506,467,515,523,503,558,500,507
,女　Ｆ．,3895,323,320,321,323,319,320,328,325,343,318,309,346
02120　　　その他のリンパ組織，造血組織及び関連組織の悪性新生物＜腫瘍＞　　　　,総数,4295,401,342,366,335,359,353,342,346,342,377,333,399
,男　Ｍ．,2253,215,185,199,164,202,162,178,177,175,202,175,219
,女　Ｆ．,2042,186,157,167,171,157,191,164,169,167,175,158,180
02121　　　その他の悪性新生物＜腫瘍＞　　　　　　　　　　　　　　　　　　　　　,総数,30145,2534,2378,2539,2485,2556,2470,2500,2580,2449,2553,2407,2694
,男　Ｍ．,16549,1433,1287,1393,1338,1427,1418,1368,1413,1316,1408,1288,1460
,女　Ｆ．,13596,1101,1091,1146,1147,1129,1052,1132,1167,1133,1145,1119,1234
02200　　その他の新生物＜腫瘍＞　　　　　　　　　　　　　　　　　　　　　　　　,総数,13909,1232,1134,1150,1116,1069,1055,1145,1157,1117,1255,1199,1280
,男　Ｍ．,7620,679,598,620,605,601,564,612,647,649,675,673,697
,女　Ｆ．,6289,553,536,530,511,468,491,533,510,468,580,526,583
02201　　　中枢神経系のその他の新生物＜腫瘍＞　　　　　　　　　　　　　　　　　,総数,2553,205,211,203,200,199,217,216,214,205,227,238,218
,男　Ｍ．,1215,110,96,95,103,98,99,97,102,106,99,114,96
,女　Ｆ．,1338,95,115,108,97,101,118,119,112,99,128,124,122
02202　　　中枢神経系を除くその他の新生物＜腫瘍＞　　　　　　　　　　　　　　　,総数,11356,1027,923,947,916,870,838,929,943,912,1028,961,1062
,男　Ｍ．,6405,569,502,525,502,503,465,515,545,543,576,559,601
,女　Ｆ．,4951,458,421,422,414,367,373,414,398,369,452,402,461
03000　血液及び造血器の疾患並びに免疫機構の障害　　　　　　　　　　　　　　　　,総数,4882,494,378,421,385,396,346,393,404,408,396,401,460
,男　Ｍ．,2199,227,172,189,179,169,151,167,199,178,178,183,207
,女　Ｆ．,2683,267,206,232,206,227,195,226,205,230,218,218,253
03100　　貧血　　　　　　　　　　　　　　　　　　　　　　　　　　　　　　　　　,総数,2565,271,209,222,212,198,156,193,202,210,214,217,261
,男　Ｍ．,1080,111,81,88,95,78,59,78,93,90,100,95,112
,女　Ｆ．,1485,160,128,134,117,120,97,115,109,120,114,122,149
03200　　その他の血液及び造血器の疾患並びに免疫機構の障害　　　　　　　　　　　,総数,2317,223,169,199,173,198,190,200,202,198,182,184,199
,男　Ｍ．,1119,116,91,101,84,91,92,89,106,88,78,88,95
,女　Ｆ．,1198,107,78,98,89,107,98,111,96,110,104,96,104
04000　内分泌，栄養及び代謝疾患　　　　　　　　　　　　　　　　　　　　　　　　,総数,25662,2571,2361,2403,2025,1945,1809,2098,2173,1889,1878,2015,2495
,男　Ｍ．,13812,1393,1272,1322,1068,1046,959,1152,1209,966,1000,1064,1361
,女　Ｆ．,11850,1178,1089,1081,957,899,850,946,964,923,878,951,1134
04100　　糖尿病　　　　　　　　　　　　　　　　　　　　　　　　　　　　　　　　,総数,14959,1502,1395,1409,1210,1150,1055,1198,1239,1080,1081,1164,1476
,男　Ｍ．,8603,868,816,811,672,655,600,699,740,609,616,659,858
,女　Ｆ．,6356,634,579,598,538,495,455,499,499,471,465,505,618
04200　　その他の内分泌，栄養及び代謝疾患　　　　　　　　　　　　　　　　　　　,総数,10703,1069,966,994,815,795,754,900,934,809,797,851,1019
,男　Ｍ．,5209,525,456,511,396,391,359,453,469,357,384,405,503
,女　Ｆ．,5494,544,510,483,419,404,395,447,465,452,413,446,516
05000　精神及び行動の障害　　　　　　　　　　　　　　　　　　　　　　　　　　　,総数,27954,2692,2432,2452,2190,2176,1994,2135,2201,2278,2324,2392,2688
,男　Ｍ．,10931,1039,954,926,880,859,797,836,888,881,898,928,1045
,女　Ｆ．,17023,1653,1478,1526,1310,1317,1197,1299,1313,1397,1426,1464,1643
05100　　血管性及び詳細不明の認知症　　　　　　　　　　　　　　　　　　　　　　,総数,24666,2387,2156,2157,1957,1927,1728,1885,1918,2020,2042,2114,2375
,男　Ｍ．,9261,883,809,770,762,738,652,720,723,750,767,799,888
,女　Ｆ．,15405,1504,1347,1387,1195,1189,1076,1165,1195,1270,1275,1315,1487
05200　　その他の精神及び行動の障害　　　　　　　　　　　　　　　　　　　　　　,総数,3288,305,276,295,233,249,266,250,283,258,282,278,313
,男　Ｍ．,1670,156,145,156,118,121,145,116,165,131,131,129,157
,女　Ｆ．,1618,149,131,139,115,128,121,134,118,127,151,149,156
06000　神経系の疾患　　　　　　　　　　　　　　　　　　　　　　　　　　　　　　,総数,62946,5794,5391,5547,4904,4829,4632,4877,5074,5089,5272,5426,6111
,男　Ｍ．,29089,2727,2477,2561,2267,2161,2206,2242,2358,2336,2397,2507,2850
,女　Ｆ．,33857,3067,2914,2986,2637,2668,2426,2635,2716,2753,2875,2919,3261
06100　　髄膜炎　　　　　　　　　　　　　　　　　　　　　　　　　　　　　　　　,総数,334,28,24,33,25,32,36,23,24,20,35,22,32
,男　Ｍ．,197,11,16,21,15,16,24,12,15,14,22,13,18
,女　Ｆ．,137,17,8,12,10,16,12,11,9,6,13,9,14
06200　　脊髄性筋萎縮症及び関連症候群　　　　　　　　　　　　　　　　　　　　　,総数,2824,246,241,240,223,225,228,235,245,200,216,247,278
,男　Ｍ．,1657,156,150,142,140,132,131,128,132,122,128,139,157
,女　Ｆ．,1167,90,91,98,83,93,97,107,113,78,88,108,121
06300　　パーキンソン病　　　　　　　　　　　　　　　　　　　　　　　　　　　　,総数,14426,1322,1229,1241,1035,1099,1041,1093,1233,1214,1248,1223,1448
,男　Ｍ．,7579,728,638,666,517,535,585,566,629,628,655,635,797
,女　Ｆ．,6847,594,591,575,518,564,456,527,604,586,593,588,651
06400　　アルツハイマー病　　　　　　　　　　　　　　　　　　　　　　　　　　　,総数,25595,2392,2175,2302,2066,1913,1870,1998,1948,2086,2169,2224,2452
,男　Ｍ．,8883,847,733,801,721,655,664,706,696,726,729,768,837
,女　Ｆ．,16712,1545,1442,1501,1345,1258,1206,1292,1252,1360,1440,1456,1615
06500　　その他の神経系の疾患　　　　　　　　　　　　　　　　　　　　　　　　　,総数,19767,1806,1722,1731,1555,1560,1457,1528,1624,1569,1604,1710,1901
,男　Ｍ．,10773,985,940,931,874,823,802,830,886,846,863,952,1041
,女　Ｆ．,8994,821,782,800,681,737,655,698,738,723,741,758,860
07000　眼及び付属器の疾患　　　　　　　　　　　　　　　　　　　　　　　　　　　,総数,6,-,2,-,-,1,1,-,-,-,-,2,-
,男　Ｍ．,3,-,2,-,-,-,1,-,-,-,-,-,-
,女　Ｆ．,3,-,-,-,-,1,-,-,-,-,-,2,-
08000　耳及び乳様突起の疾患　　　　　　　　　　　　　　　　　　　　　　　　　　,総数,22,-,4,2,1,1,1,1,3,3,2,2,2
,男　Ｍ．,14,-,2,1,1,-,1,1,2,2,1,1,2
,女　Ｆ．,8,-,2,1,-,1,-,-,1,1,1,1,-
09000　循環器系の疾患　　　　　　　　　　　　　　　　　　　　　　　　　　　　　,総数,370980,39261,34076,35189,29113,28199,25805,28165,28304,26166,27865,30351,38486
,男　Ｍ．,182427,19753,16780,17352,14119,13529,12446,13821,13988,12725,13472,14870,19572
,女　Ｆ．,188553,19508,17296,17837,14994,14670,13359,14344,14316,13441,14393,15481,18914
09100　　高血圧性疾患　　　　　　　　　　　　　　　　　　　　　　　　　　　　　,総数,11799,1381,1088,1117,873,833,794,926,972,815,826,897,1277
,男　Ｍ．,5204,596,491,463,379,373,347,439,447,357,356,377,579
,女　Ｆ．,6595,785,597,654,494,460,447,487,525,458,470,520,698
09101　　　高血圧性心疾患及び心腎疾患　　　　　　　　　　　　　　　　　　　　　,総数,5986,737,568,598,460,443,368,447,456,412,402,462,633
,男　Ｍ．,2509,318,246,236,192,176,146,187,199,165,164,196,284
,女　Ｆ．,3477,419,322,362,268,267,222,260,257,247,238,266,349
09102　　　その他の高血圧性疾患　　　　　　　　　　　　　　　　　　　　　　　　,総数,5813,644,520,519,413,390,426,479,516,403,424,435,644
,男　Ｍ．,2695,278,245,227,187,197,201,252,248,192,192,181,295
,女　Ｆ．,3118,366,275,292,226,193,225,227,268,211,232,254,349
09200　　心疾患（高血圧性を除く）　　　　　　　　　　　　　　　　　　　　　　　,総数,226388,24469,21230,21670,17745,16909,15478,17356,17172,15588,16471,18165,24135
,男　Ｍ．,111425,12412,10489,10742,8543,8091,7441,8467,8448,7507,7924,8924,12437
,女　Ｆ．,114963,12057,10741,10928,9202,8818,8037,8889,8724,8081,8547,9241,11698
09201　　　慢性リウマチ性心疾患　　　　　　　　　　　　　　　　　　　　　　　　,総数,1893,176,187,191,155,161,145,150,146,142,119,139,182
,男　Ｍ．,667,66,58,70,52,58,49,59,47,58,34,50,66
,女　Ｆ．,1226,110,129,121,103,103,96,91,99,84,85,89,116
09202　　　急性心筋梗塞　　　　　　　　　　　　　　　　　　　　　　　　　　　　,総数,28237,3337,2876,2727,2137,1994,1836,2061,2074,1893,1987,2252,3063
,男　Ｍ．,17005,2058,1706,1624,1269,1156,1108,1220,1280,1141,1187,1348,1908
,女　Ｆ．,11232,1279,1170,1103,868,838,728,841,794,752,800,904,1155
09203　　　その他の虚血性心疾患　　　　　　　　　　　　　　　　　　　　　　　　,総数,39357,4725,3914,3903,2853,2709,2380,3058,2976,2467,2656,3125,4591
,男　Ｍ．,24457,2920,2434,2368,1735,1684,1502,1926,1867,1547,1643,1920,2911
,女　Ｆ．,14900,1805,1480,1535,1118,1025,878,1132,1109,920,1013,1205,1680
09204　　　慢性非リウマチ性心内膜疾患　　　　　　　　　　　　　　　　　　　　　,総数,11522,1167,1033,1050,897,978,875,931,876,796,873,872,1174
,男　Ｍ．,3811,419,283,370,288,326,269,297,294,240,303,289,433
,女　Ｆ．,7711,748,750,680,609,652,606,634,582,556,570,583,741
09205　　　心筋症　　　　　　　　　　　　　　　　　　　　　　　　　　　　　　　,総数,3297,317,241,326,267,269,257,267,272,236,250,288,307
,男　Ｍ．,1814,194,134,188,141,151,135,131,146,128,126,168,172
,女　Ｆ．,1483,123,107,138,126,118,122,136,126,108,124,120,135
09206　　　不整脈及び伝導障害　　　　　　　　　　　　　　　　　　　　　　　　　,総数,35964,3992,3365,3455,2749,2608,2410,2626,2728,2362,2618,2940,4111
,男　Ｍ．,18278,2082,1740,1745,1383,1274,1177,1350,1393,1182,1319,1481,2152
,女　Ｆ．,17686,1910,1625,1710,1366,1334,1233,1276,1335,1180,1299,1459,1959
09207　　　心不全　　　　　　　　　　　　　　　　　　　　　　　　　　　　　　　,総数,98814,9962,8953,9324,8089,7678,7046,7693,7575,7192,7441,7962,9899
,男　Ｍ．,41297,4239,3762,3977,3336,3152,2911,3166,3132,2922,3030,3351,4319
,女　Ｆ．,57517,5723,5191,5347,4753,4526,4135,4527,4443,4270,4411,4611,5580
09208　　　その他の心疾患　　　　　　　　　　　　　　　　　　　　　　　　　　　,総数,7304,793,661,694,598,512,529,570,525,500,527,587,808
,男　Ｍ．,4096,434,372,400,339,290,290,318,289,289,282,317,476
,女　Ｆ．,3208,359,289,294,259,222,239,252,236,211,245,270,332
09300　　脳血管疾患　　　　　　　　　　　　　　　　　　　　　　　　　　　　　　,総数,102821,10258,9060,9515,8114,8095,7507,7873,8066,7719,8098,8529,9987
,男　Ｍ．,51176,5203,4513,4744,4003,3936,3701,3930,4062,3832,3994,4228,5030
,女　Ｆ．,51645,5055,4547,4771,4111,4159,3806,3943,4004,3887,4104,4301,4957
09301　　　くも膜下出血　　　　　　　　　　　　　　　　　　　　　　　　　　　　,総数,11070,1134,907,998,834,841,821,856,862,825,923,984,1085
,男　Ｍ．,4129,433,329,367,331,311,301,319,318,301,337,379,403
,女　Ｆ．,6941,701,578,631,503,530,520,537,544,524,586,605,682
09302　　　脳内出血　　　　　　　　　　　　　　　　　　　　　　　　　　　　　　,総数,32566,3364,2921,3088,2548,2515,2298,2340,2502,2371,2559,2759,3301
,男　Ｍ．,17981,1871,1633,1715,1367,1318,1264,1317,1400,1298,1411,1530,1857
,女　Ｆ．,14585,1493,1288,1373,1181,1197,1034,1023,1102,1073,1148,1229,1444
09303　　　脳梗塞　　　　　　　　　　　　　　　　　　　　　　　　　　　　　　　,総数,56129,5445,4946,5137,4503,4522,4178,4447,4450,4306,4374,4553,5268
,男　Ｍ．,27541,2737,2402,2505,2191,2196,2036,2178,2230,2119,2131,2212,2604
,女　Ｆ．,28588,2708,2544,2632,2312,2326,2142,2269,2220,2187,2243,2341,2664
09304　　　その他の脳血管疾患　　　　　　　　　　　　　　　　　　　　　　　　　,総数,3056,315,286,292,229,217,210,230,252,217,242,233,333
,男　Ｍ．,1525,162,149,157,114,111,100,116,114,114,115,107,166
,女　Ｆ．,1531,153,137,135,115,106,110,114,138,103,127,126,167
09400　　大動脈瘤及び解離　　　　　　　　　　　　　　　　　　　　　　　　　　　,総数,20427,2158,1844,1931,1610,1592,1326,1294,1384,1362,1773,2025,2128
,男　Ｍ．,10143,1077,880,955,833,785,637,632,691,709,876,992,1076
,女　Ｆ．,10284,1081,964,976,777,807,689,662,693,653,897,1033,1052
09500　　その他の循環器系の疾患　　　　　　　　　　　　　　　　　　　　　　　　,総数,9545,995,854,956,771,770,700,716,710,682,697,735,959
,男　Ｍ．,4479,465,407,448,361,344,320,353,340,320,322,349,450
,女　Ｆ．,5066,530,447,508,410,426,380,363,370,362,375,386,509
10000　呼吸器系の疾患　　　　　　　　　　　　　　　　　　　　　　　　　　　　　,総数,204985,20683,17793,17958,15829,15589,14717,15493,16761,15934,16169,16691,21368
,男　Ｍ．,125800,12714,11068,11048,9710,9440,9006,9680,10175,9786,9907,10237,13029
,女　Ｆ．,79185,7969,6725,6910,6119,6149,5711,5813,6586,6148,6262,6454,8339
10100　　インフルエンザ　　　　　　　　　　　　　　　　　　　　　　　　　　　　,総数,2857,733,258,112,54,29,9,26,27,26,44,81,1458
,男　Ｍ．,1486,372,128,59,26,12,2,14,11,16,18,42,786
,女　Ｆ．,1371,361,130,53,28,17,7,12,16,10,26,39,672
10200　　肺炎　　　　　　　　　　　　　　　　　　　　　　　　　　　　　　　　　,総数,80176,8287,7144,7222,6182,6031,5563,6162,6542,6237,6267,6391,8148
,男　Ｍ．,46529,4843,4234,4119,3621,3449,3222,3607,3738,3578,3602,3720,4796
,女　Ｆ．,33647,3444,2910,3103,2561,2582,2341,2555,2804,2659,2665,2671,3352
10300　　急性気管支炎　　　　　　　　　　　　　　　　　　　　　　　　　　　　　,総数,216,18,12,22,6,21,23,13,30,11,13,28,19
,男　Ｍ．,84,9,4,11,1,8,7,4,10,4,6,15,5
,女　Ｆ．,132,9,8,11,5,13,16,9,20,7,7,13,14
10400　　慢性閉塞性肺疾患　　　　　　　　　　　　　　　　　　　　　　　　　　　,総数,16629,1689,1421,1440,1320,1275,1279,1327,1374,1306,1279,1324,1595
,男　Ｍ．,13950,1418,1187,1215,1099,1080,1071,1117,1146,1095,1085,1097,1340
,女　Ｆ．,2679,271,234,225,221,195,208,210,228,211,194,227,255
10500　　喘息　　　　　　　　　　　　　　　　　　　　　　　　　　　　　　　　　,総数,1088,98,89,78,80,95,101,92,79,90,85,88,113
,男　Ｍ．,417,37,35,31,24,34,38,34,31,35,37,32,49
,女　Ｆ．,671,61,54,47,56,61,63,58,48,55,48,56,64
10600　　その他の呼吸器系の疾患　　　　　　　　　　　　　　　　　　　　　　　　,総数,104019,9858,8869,9084,8187,8138,7742,7873,8709,8264,8481,8779,10035
,男　Ｍ．,63334,6035,5480,5613,4939,4857,4666,4904,5239,5058,5159,5331,6053
,女　Ｆ．,40685,3823,3389,3471,3248,3281,3076,2969,3470,3206,3322,3448,3982
10601　　　誤嚥性肺炎　　　　　　　　　　　　　　　　　　　　　　　　　　　　　,総数,63667,5993,5309,5422,4876,4898,4736,4782,5434,5328,5333,5456,6100
,男　Ｍ．,37905,3604,3173,3286,2844,2856,2766,2896,3190,3248,3159,3279,3604
,女　Ｆ．,25762,2389,2136,2136,2032,2042,1970,1886,2244,2080,2174,2177,2496
10602　　　間質性肺疾患　　　　　　　　　　　　　　　　　　　　　　　　　　　　,総数,24395,2379,2189,2262,2002,1956,1813,1826,1941,1740,1892,1999,2396
,男　Ｍ．,16024,1551,1465,1487,1346,1268,1189,1232,1275,1110,1271,1289,1541
,女　Ｆ．,8371,828,724,775,656,688,624,594,666,630,621,710,855
10603　　　その他の呼吸器系の疾患（10601及び10602を除く）　　　　　　　　　　　,総数,15957,1486,1371,1400,1309,1284,1193,1265,1334,1196,1256,1324,1539
,男　Ｍ．,9405,880,842,840,749,733,711,776,774,700,729,763,908
,女　Ｆ．,6552,606,529,560,560,551,482,489,560,496,527,561,631
11000　消化器系の疾患　　　　　　　　　　　　　　　　　　　　　　　　　　　　　,総数,59726,5797,5182,5394,4629,4754,4373,4562,4842,4514,4908,5022,5749
,男　Ｍ．,32239,3137,2851,2953,2534,2517,2333,2463,2572,2415,2645,2675,3144
,女　Ｆ．,27487,2660,2331,2441,2095,2237,2040,2099,2270,2099,2263,2347,2605
11100　　胃潰瘍及び十二指腸潰瘍　　　　　　　　　　　　　　　　　　　　　　　　,総数,2507,253,242,249,202,211,171,170,202,168,209,184,246
,男　Ｍ．,1475,144,138,147,114,132,101,102,124,90,124,106,153
,女　Ｆ．,1032,109,104,102,88,79,70,68,78,78,85,78,93
11200　　ヘルニア及び腸閉塞　　　　　　　　　　　　　　　　　　　　　　　　　　,総数,8529,862,738,767,577,656,595,640,705,672,725,731,861
,男　Ｍ．,4145,417,366,361,285,315,276,316,345,338,342,344,440
,女　Ｆ．,4384,445,372,406,292,341,319,324,360,334,383,387,421
11300　　肝疾患　　　　　　　　　　　　　　　　　　　　　　　　　　　　　　　　,総数,18858,1824,1699,1702,1512,1551,1430,1459,1479,1389,1489,1575,1749
,男　Ｍ．,12285,1189,1098,1137,977,984,944,958,948,894,964,1024,1168
,女　Ｆ．,6573,635,601,565,535,567,486,501,531,495,525,551,581
11301　　　肝硬変（アルコール性を除く）　　　　　　　　　　　　　　　　　　　　,総数,8515,811,767,780,700,702,671,652,671,593,668,696,804
,男　Ｍ．,4636,418,414,430,387,361,389,368,359,316,362,378,454
,女　Ｆ．,3879,393,353,350,313,341,282,284,312,277,306,318,350
11302　　　その他の肝疾患　　　　　　　　　　　　　　　　　　　　　　　　　　　,総数,10343,1013,932,922,812,849,759,807,808,796,821,879,945
,男　Ｍ．,7649,771,684,707,590,623,555,590,589,578,602,646,714
,女　Ｆ．,2694,242,248,215,222,226,204,217,219,218,219,233,231
11400　　その他の消化器系の疾患　　　　　　　　　　　　　　　　　　　　　　　　,総数,29832,2858,2503,2676,2338,2336,2177,2293,2456,2285,2485,2532,2893
,男　Ｍ．,14334,1387,1249,1308,1158,1086,1012,1087,1155,1093,1215,1201,1383
,女　Ｆ．,15498,1471,1254,1368,1180,1250,1165,1206,1301,1192,1270,1331,1510
12000　皮膚及び皮下組織の疾患　　　　　　　　　　　　　　　　　　　　　　　　　,総数,3943,391,347,392,323,282,306,287,286,315,320,318,376
,男　Ｍ．,1655,171,155,167,135,128,136,121,125,114,132,135,136
,女　Ｆ．,2288,220,192,225,188,154,170,166,161,201,188,183,240
13000　筋骨格系及び結合組織の疾患　　　　　　　　　　　　　　　　　　　　　　　,総数,11120,1086,932,956,925,867,877,847,900,900,851,889,1090
,男　Ｍ．,4669,471,392,391,382,394,338,348,374,379,366,385,449
,女　Ｆ．,6451,615,540,565,543,473,539,499,526,521,485,504,641
14000　腎尿路生殖器系の疾患　　　　　　　　　　　　　　　　　　　　　　　　　　,総数,50434,4890,4483,4691,4110,3910,3608,3799,3980,3779,4038,4261,4885
,男　Ｍ．,24130,2400,2180,2251,1914,1858,1730,1825,1862,1777,1929,2008,2396
,女　Ｆ．,26304,2490,2303,2440,2196,2052,1878,1974,2118,2002,2109,2253,2489
14100　　糸球体疾患及び腎尿細管間質性疾患　　　　　　　　　　　　　　　　　　　,総数,5946,505,528,545,447,473,434,465,479,498,474,536,562
,男　Ｍ．,2330,191,221,211,177,178,173,183,193,180,196,195,232
,女　Ｆ．,3616,314,307,334,270,295,261,282,286,318,278,341,330
14200　　腎不全　　　　　　　　　　　　　　　　　　　　　　　　　　　　　　　　,総数,29665,2943,2604,2795,2455,2290,2128,2268,2321,2188,2299,2485,2889
,男　Ｍ．,16037,1656,1425,1481,1284,1232,1178,1227,1211,1175,1225,1336,1607
,女　Ｆ．,13628,1287,1179,1314,1171,1058,950,1041,1110,1013,1074,1149,1282
14201　　　急性腎不全　　　　　　　　　　　　　　　　　　　　　　　　　　　　　,総数,3060,327,259,319,268,255,197,228,222,222,212,249,302
,男　Ｍ．,1581,184,126,177,129,136,105,120,117,102,111,121,153
,女　Ｆ．,1479,143,133,142,139,119,92,108,105,120,101,128,149
14202　　　慢性腎臓病　　　　　　　　　　　　　　　　　　　　　　　　　　　　　,総数,22097,2202,1916,2055,1775,1685,1588,1707,1768,1655,1754,1850,2142
,男　Ｍ．,12139,1265,1068,1089,937,917,892,938,920,911,947,1026,1229
,女　Ｆ．,9958,937,848,966,838,768,696,769,848,744,807,824,913
14203　　　詳細不明の腎不全　　　　　　　　　　　　　　　　　　　　　　　　　　,総数,4508,414,429,421,412,350,343,333,331,311,333,386,445
,男　Ｍ．,2317,207,231,215,218,179,181,169,174,162,167,189,225
,女　Ｆ．,2191,207,198,206,194,171,162,164,157,149,166,197,220
14300　　その他の腎尿路生殖器系の疾患　　　　　　　　　　　　　　　　　　　　　,総数,14823,1442,1351,1351,1208,1147,1046,1066,1180,1093,1265,1240,1434
,男　Ｍ．,5763,553,534,559,453,448,379,415,458,422,508,477,557
,女　Ｆ．,9060,889,817,792,755,699,667,651,722,671,757,763,877
15000　妊娠，分娩及び産じょく　　　　　　　　　　　　　　　　　　　　　　　　　,総数,30,2,6,1,3,2,5,1,1,1,4,3,1
,男　Ｍ．,・,・,・,・,・,・,・,・,・,・,・,・,・
,女　Ｆ．,30,2,6,1,3,2,5,1,1,1,4,3,1
16000　周産期に発生した病態　　　　　　　　　　　　　　　　　　　　　　　　　　,総数,418,34,31,27,44,41,54,29,22,32,27,32,45
,男　Ｍ．,224,21,13,14,23,20,34,16,9,17,18,18,21
,女　Ｆ．,194,13,18,13,21,21,20,13,13,15,9,14,24
16100　　妊娠期間及び胎児発育に関連する障害　　　　　　　　　　　　　　　　　　,総数,29,5,2,3,3,4,5,-,1,1,1,-,4
,男　Ｍ．,13,1,1,2,-,3,2,-,1,1,1,-,1
,女　Ｆ．,16,4,1,1,3,1,3,-,-,-,-,-,3
16200　　出産外傷　　　　　　　　　　　　　　　　　　　　　　　　　　　　　　　,総数,9,-,1,2,-,-,2,1,1,-,1,-,1
,男　Ｍ．,5,-,1,-,-,-,2,1,-,-,1,-,-
,女　Ｆ．,4,-,-,2,-,-,-,-,1,-,-,-,1
16300　　周産期に特異的な呼吸障害及び心血管障害　　　　　　　　　　　　　　　　,総数,241,20,20,15,23,25,30,19,15,23,12,17,22
,男　Ｍ．,128,16,8,7,12,11,18,9,5,13,8,11,10
,女　Ｆ．,113,4,12,8,11,14,12,10,10,10,4,6,12
16400　　周産期に特異的な感染症　　　　　　　　　　　　　　　　　　　　　　　　,総数,29,2,1,1,4,2,2,3,1,1,4,3,5
,男　Ｍ．,16,1,-,1,2,2,2,2,1,-,2,1,2
,女　Ｆ．,13,1,1,-,2,-,-,1,-,1,2,2,3
16500　　胎児及び新生児の出血性障害及び血液障害　　　　　　　　　　　　　　　　,総数,52,5,3,2,3,6,9,2,2,5,5,5,5
,男　Ｍ．,26,2,1,1,3,3,4,2,2,2,3,1,2
,女　Ｆ．,26,3,2,1,-,3,5,-,-,3,2,4,3
16600　　その他の周産期に発生した病態　　　　　　　　　　　　　　　　　　　　　,総数,58,2,4,4,11,4,6,4,2,2,4,7,8
,男　Ｍ．,36,1,2,3,6,1,6,2,-,1,3,5,6
,女　Ｆ．,22,1,2,1,5,3,-,2,2,1,1,2,2
17000　先天奇形，変形及び染色体異常　　　　　　　　　　　　　　　　　　　　　　,総数,1912,190,153,166,162,172,147,153,171,154,128,145,171
,男　Ｍ．,878,99,73,78,76,71,60,63,79,80,60,69,70
,女　Ｆ．,1034,91,80,88,86,101,87,90,92,74,68,76,101
17100　　神経系の先天奇形　　　　　　　　　　　　　　　　　　　　　　　　　　　,総数,76,4,6,10,6,8,7,8,7,5,4,5,6
,男　Ｍ．,36,2,1,5,4,4,2,4,3,2,1,3,5
,女　Ｆ．,40,2,5,5,2,4,5,4,4,3,3,2,1
17200　　循環器系の先天奇形　　　　　　　　　　　　　　　　　　　　　　　　　　,総数,732,71,61,63,65,71,43,58,60,52,60,62,66
,男　Ｍ．,324,36,31,29,30,24,15,25,29,28,25,27,25
,女　Ｆ．,408,35,30,34,35,47,28,33,31,24,35,35,41
17201　　　心臓の先天奇形　　　　　　　　　　　　　　　　　　　　　　　　　　　,総数,459,44,38,31,36,42,30,37,42,37,36,45,41
,男　Ｍ．,211,26,18,14,19,13,10,17,21,20,17,23,13
,女　Ｆ．,248,18,20,17,17,29,20,20,21,17,19,22,28
17202　　　その他の循環器系の先天奇形　　　　　　　　　　　　　　　　　　　　　,総数,273,27,23,32,29,29,13,21,18,15,24,17,25
,男　Ｍ．,113,10,13,15,11,11,5,8,8,8,8,4,12
,女　Ｆ．,160,17,10,17,18,18,8,13,10,7,16,13,13
17300　　消化器系の先天奇形　　　　　　　　　　　　　　　　　　　　　　　　　　,総数,94,9,9,6,5,7,9,11,11,8,4,5,10
,男　Ｍ．,40,8,4,4,4,3,2,4,6,1,-,3,1
,女　Ｆ．,54,1,5,2,1,4,7,7,5,7,4,2,9
17400　　その他の先天奇形及び変形　　　　　　　　　　　　　　　　　　　　　　　,総数,592,52,41,45,54,52,56,49,55,57,36,51,44
,男　Ｍ．,288,27,21,15,25,29,26,18,26,30,23,27,21
,女　Ｆ．,304,25,20,30,29,23,30,31,29,27,13,24,23
17500　　染色体異常，他に分類されないもの　　　　　　　　　　　　　　　　　　　,総数,418,54,36,42,32,34,32,27,38,32,24,22,45
,男　Ｍ．,190,26,16,25,13,11,15,12,15,19,11,9,18
,女　Ｆ．,228,28,20,17,19,23,17,15,23,13,13,13,27
18000　症状，徴候及び異常臨床所見・異常検査所見で他に分類されないもの　　　　　,総数,247238,23152,20626,21528,18495,18376,17435,19949,20977,19744,20520,21313,25123
,男　Ｍ．,84668,7907,6985,7252,6152,6177,5930,7318,7674,6783,6748,7141,8601
,女　Ｆ．,162570,15245,13641,14276,12343,12199,11505,12631,13303,12961,13772,14172,16522
18100　　老衰　　　　　　　　　　　　　　　　　　　　　　　　　　　　　　　　　,総数,206887,19375,17425,18179,15729,15632,14662,15588,16424,16657,17776,18407,21033
,男　Ｍ．,58793,5500,4943,5109,4412,4413,4097,4465,4697,4745,5024,5307,6081
,女　Ｆ．,148094,13875,12482,13070,11317,11219,10565,11123,11727,11912,12752,13100,14952
18200　　乳幼児突然死症候群　　　　　　　　　　　　　　　　　　　　　　　　　　,総数,58,8,4,2,3,5,8,8,4,5,1,3,7
,男　Ｍ．,37,4,2,2,2,4,7,5,2,3,1,1,4
,女　Ｆ．,21,4,2,-,1,1,1,3,2,2,-,2,3
18300　　その他の症状，徴候及び異常臨床所見・異常検査所見で他に分類されないもの,総数,40293,3769,3197,3347,2763,2739,2765,4353,4549,3082,2743,2903,4083
,男　Ｍ．,25838,2403,2040,2141,1738,1760,1826,2848,2975,2035,1723,1833,2516
,女　Ｆ．,14455,1366,1157,1206,1025,979,939,1505,1574,1047,1020,1070,1567
20000　傷病及び死亡の外因　　　　　　　　　　　　　　　　　　　　　　　　　　　,総数,74680,7933,6665,7143,5969,5532,5041,6183,5881,5156,5290,6196,7691
,男　Ｍ．,44786,4663,3950,4266,3617,3327,3064,3723,3607,3221,3252,3600,4496
,女　Ｆ．,29894,3270,2715,2877,2352,2205,1977,2460,2274,1935,2038,2596,3195
20100　　不慮の事故　　　　　　　　　　　　　　　　　　　　　　　　　　　　　　,総数,45743,5412,4315,4428,3444,3072,2688,3755,3602,2781,2981,3844,5421
,男　Ｍ．,25985,3013,2452,2470,1932,1754,1530,2183,2104,1631,1761,2125,3030
,女　Ｆ．,19758,2399,1863,1958,1512,1318,1158,1572,1498,1150,1220,1719,2391
20101　　　交通事故　　　　　　　　　　　　　　　　　　　　　　　　　　　　　　,総数,3511,301,255,239,276,267,264,276,323,287,332,330,361
,男　Ｍ．,2395,204,175,162,190,207,172,186,211,199,232,218,239
,女　Ｆ．,1116,97,80,77,86,60,92,90,112,88,100,112,122
20102　　　転倒・転落・墜落　　　　　　　　　　　　　　　　　　　　　　　　　　,総数,11935,1173,1099,1100,970,885,792,906,889,895,964,1015,1247
,男　Ｍ．,6082,585,570,549,476,453,405,456,464,466,506,502,650
,女　Ｆ．,5853,588,529,551,494,432,387,450,425,429,458,513,597
20103　　　不慮の溺死及び溺水　　　　　　　　　　　　　　　　　　　　　　　　　,総数,9905,1565,1225,1266,810,590,441,349,298,256,431,947,1727
,男　Ｍ．,5236,834,660,638,412,276,229,217,194,170,247,499,860
,女　Ｆ．,4669,731,565,628,398,314,212,132,104,86,184,448,867
20104　　　不慮の窒息　　　　　　　　　　　　　　　　　　　　　　　　　　　　　,総数,8186,988,710,784,676,583,513,592,615,576,570,711,868
,男　Ｍ．,4256,538,370,421,356,300,274,288,297,282,310,350,470
,女　Ｆ．,3930,450,340,363,320,283,239,304,318,294,260,361,398
20105　　　煙，火及び火炎への曝露　　　　　　　　　　　　　　　　　　　　　　　,総数,982,147,132,132,75,64,43,38,47,44,50,62,148
,男　Ｍ．,617,91,78,79,47,40,25,31,28,30,26,43,99
,女　Ｆ．,365,56,54,53,28,24,18,7,19,14,24,19,49
20106　　　有害物質による不慮の中毒及び有害物質への曝露　　　　　　　　　　　　,総数,543,60,61,50,48,45,41,40,37,34,40,39,48
,男　Ｍ．,332,35,39,34,31,23,27,25,19,18,24,25,32
,女　Ｆ．,211,25,22,16,17,22,14,15,18,16,16,14,16
20107　　　その他の不慮の事故　　　　　　　　　　　　　　　　　　　　　　　　　,総数,10681,1178,833,857,589,638,594,1554,1393,689,594,740,1022
,男　Ｍ．,7067,726,560,587,420,455,398,980,891,466,416,488,680
,女　Ｆ．,3614,452,273,270,169,183,196,574,502,223,178,252,342
20200　　自殺　　　　　　　　　　　　　　　　　　　　　　　　　　　　　　　　　,総数,19608,1635,1531,1845,1805,1743,1640,1690,1585,1649,1577,1574,1334
,男　Ｍ．,13354,1109,1031,1272,1262,1170,1120,1126,1089,1160,1086,1030,899
,女　Ｆ．,6254,526,500,573,543,573,520,564,496,489,491,544,435
20300　　他殺　　　　　　　　　　　　　　　　　　　　　　　　　　　　　　　　　,総数,222,21,11,23,8,16,15,22,19,25,22,14,26
,男　Ｍ．,97,12,5,11,2,7,5,8,9,7,12,5,14
,女　Ｆ．,125,9,6,12,6,9,10,14,10,18,10,9,12
20400　　その他の外因　　　　　　　　　　　　　　　　　　　　　　　　　　　　　,総数,9107,865,808,847,712,701,698,716,675,701,710,764,910
,男　Ｍ．,5350,529,462,513,421,396,409,406,405,423,393,440,553
,女　Ｆ．,3757,336,346,334,291,305,289,310,270,278,317,324,357
22000　特殊目的用コード　　　　　　　　　　　　　　　　　　　　　　　　　　　　,総数,35873,3962,4589,3614,2476,1719,1733,3398,4870,3149,1890,1385,3088
,男　Ｍ．,20439,2223,2584,1998,1383,965,1006,1975,2859,1821,1076,799,1750
,女　Ｆ．,15434,1739,2005,1616,1093,754,727,1423,2011,1328,814,586,1338
22100　　重症急性呼吸器症候群［ＳＡＲＳ］　　　　　　　　　　　　　　　　　　　,総数,-,-,-,-,-,-,-,-,-,-,-,-,-
,男　Ｍ．,-,-,-,-,-,-,-,-,-,-,-,-,-
,女　Ｆ．,-,-,-,-,-,-,-,-,-,-,-,-,-
22200　　その他の特殊目的用コード　　　　　　　　　　　　　　　　　　　　　　　,総数,35873,3962,4589,3614,2476,1719,1733,3398,4870,3149,1890,1385,3088
,男　Ｍ．,20439,2223,2584,1998,1383,965,1006,1975,2859,1821,1076,799,1750
,女　Ｆ．,15434,1739,2005,1616,1093,754,727,1423,2011,1328,814,586,1338
22201　　　新型コロナウイルス感染症　　　　　　　　　　　　　　　　　　　　　　,総数,35865,3960,4587,3613,2476,1719,1733,3398,4870,3149,1888,1385,3087
,男　Ｍ．,20434,2222,2583,1998,1383,965,1006,1975,2859,1821,1074,799,1749
,女　Ｆ．,15431,1738,2004,1615,1093,754,727,1423,2011,1328,814,586,1338
22202　　　新型コロナウイルス感染症ワクチン　　　　　　　　　　　　　　　　　　,総数,8,2,2,1,-,-,-,-,-,-,2,-,1
,男　Ｍ．,5,1,1,-,-,-,-,-,-,-,2,-,1
,女　Ｆ．,3,1,1,1,-,-,-,-,-,-,-,-,-
22203　　　その他の特殊目的用コード（22201及び22202を除く）　　　　　　　　　　,総数,-,-,-,-,-,-,-,-,-,-,-,-,-
,男　Ｍ．,-,-,-,-,-,-,-,-,-,-,-,-,-
,女　Ｆ．,-,-,-,-,-,-,-,-,-,-,-,-,-
